<ThemeData>
  <Class name="Window">
    <Part name="WP_CAPTION" id="1">
      <State name="CS_ACTIVE" id="1" />
      <State name="CS_INACTIVE" id="2" />
      <State name="CS_DISABLED" id="3" />
    </Part>
    <Part name="WP_SMALLCAPTION" id="2">
      <State name="CS_ACTIVE" id="1" />
      <State name="CS_INACTIVE" id="2" />
      <State name="CS_DISABLED" id="3" />
    </Part>
    <Part name="WP_MINCAPTION" id="3">
      <State name="MNCS_ACTIVE" id="1" />
      <State name="MNCS_INACTIVE" id="2" />
      <State name="MNCS_DISABLED" id="3" />
    </Part>
    <Part name="WP_SMALLMINCAPTION" id="4">
      <State name="MNCS_ACTIVE" id="1" />
      <State name="MNCS_INACTIVE" id="2" />
      <State name="MNCS_DISABLED" id="3" />
    </Part>
    <Part name="WP_MAXCAPTION" id="5">
      <State name="MXCS_ACTIVE" id="1" />
      <State name="MXCS_INACTIVE" id="2" />
      <State name="MXCS_DISABLED" id="3" />
    </Part>
    <Part name="WP_SMALLMAXCAPTION" id="6">
      <State name="MXCS_ACTIVE" id="1" />
      <State name="MXCS_INACTIVE" id="2" />
      <State name="MXCS_DISABLED" id="3" />
    </Part>
    <Part name="WP_FRAMELEFT" id="7">
      <State name="FS_ACTIVE" id="1" />
      <State name="FS_INACTIVE" id="2" />
    </Part>
    <Part name="WP_FRAMERIGHT" id="8">
      <State name="FS_ACTIVE" id="1" />
      <State name="FS_INACTIVE" id="2" />
    </Part>
    <Part name="WP_FRAMEBOTTOM" id="9">
      <State name="FS_ACTIVE" id="1" />
      <State name="FS_INACTIVE" id="2" />
    </Part>
    <Part name="WP_SMALLFRAMELEFT" id="10">
      <State name="FS_ACTIVE" id="1" />
      <State name="FS_INACTIVE" id="2" />
    </Part>
    <Part name="WP_SMALLFRAMERIGHT" id="11">
      <State name="FS_ACTIVE" id="1" />
      <State name="FS_INACTIVE" id="2" />
    </Part>
    <Part name="WP_SMALLFRAMEBOTTOM" id="12">
      <State name="FS_ACTIVE" id="1" />
      <State name="FS_INACTIVE" id="2" />
    </Part>
    <Part name="WP_SYSBUTTON" id="13">
      <State name="SBS_NORMAL" id="1" />
      <State name="SBS_HOT" id="2" />
      <State name="SBS_PUSHED" id="3" />
      <State name="SBS_DISABLED" id="4" />
    </Part>
    <Part name="WP_MDISYSBUTTON" id="14">
      <State name="SBS_NORMAL" id="1" />
      <State name="SBS_HOT" id="2" />
      <State name="SBS_PUSHED" id="3" />
      <State name="SBS_DISABLED" id="4" />
    </Part>
    <Part name="WP_MINBUTTON" id="15">
      <State name="MINBS_NORMAL" id="1" />
      <State name="MINBS_HOT" id="2" />
      <State name="MINBS_PUSHED" id="3" />
      <State name="MINBS_DISABLED" id="4" />
    </Part>
    <Part name="WP_MDIMINBUTTON" id="16">
      <State name="MINBS_NORMAL" id="1" />
      <State name="MINBS_HOT" id="2" />
      <State name="MINBS_PUSHED" id="3" />
      <State name="MINBS_DISABLED" id="4" />
    </Part>
    <Part name="WP_MAXBUTTON" id="17">
      <State name="MAXBS_NORMAL" id="1" />
      <State name="MAXBS_HOT" id="2" />
      <State name="MAXBS_PUSHED" id="3" />
      <State name="MAXBS_DISABLED" id="4" />
    </Part>
    <Part name="WP_CLOSEBUTTON" id="18">
      <State name="CBS_NORMAL" id="1" />
      <State name="CBS_HOT" id="2" />
      <State name="CBS_PUSHED" id="3" />
      <State name="CBS_DISABLED" id="4" />
    </Part>
    <Part name="WP_SMALLCLOSEBUTTON" id="19">
      <State name="CBS_NORMAL" id="1" />
      <State name="CBS_HOT" id="2" />
      <State name="CBS_PUSHED" id="3" />
      <State name="CBS_DISABLED" id="4" />
    </Part>
    <Part name="WP_MDICLOSEBUTTON" id="20">
      <State name="CBS_NORMAL" id="1" />
      <State name="CBS_HOT" id="2" />
      <State name="CBS_PUSHED" id="3" />
      <State name="CBS_DISABLED" id="4" />
    </Part>
    <Part name="WP_RESTOREBUTTON" id="21">
      <State name="RBS_NORMAL" id="1" />
      <State name="RBS_HOT" id="2" />
      <State name="RBS_PUSHED" id="3" />
      <State name="RBS_DISABLED" id="4" />
    </Part>
    <Part name="WP_MDIRESTOREBUTTON" id="22">
      <State name="RBS_NORMAL" id="1" />
      <State name="RBS_HOT" id="2" />
      <State name="RBS_PUSHED" id="3" />
      <State name="RBS_DISABLED" id="4" />
    </Part>
    <Part name="WP_HELPBUTTON" id="23">
      <State name="HBS_NORMAL" id="1" />
      <State name="HBS_HOT" id="2" />
      <State name="HBS_PUSHED" id="3" />
      <State name="HBS_DISABLED" id="4" />
    </Part>
    <Part name="WP_MDIHELPBUTTON" id="24">
      <State name="HBS_NORMAL" id="1" />
      <State name="HBS_HOT" id="2" />
      <State name="HBS_PUSHED" id="3" />
      <State name="HBS_DISABLED" id="4" />
    </Part>
    <Part name="WP_HORZSCROLL" id="25">
      <State name="HSS_NORMAL" id="1" />
      <State name="HSS_HOT" id="2" />
      <State name="HSS_PUSHED" id="3" />
      <State name="HSS_DISABLED" id="4" />
    </Part>
    <Part name="WP_HORZTHUMB" id="26">
      <State name="HTS_NORMAL" id="1" />
      <State name="HTS_HOT" id="2" />
      <State name="HTS_PUSHED" id="3" />
      <State name="HTS_DISABLED" id="4" />
    </Part>
    <Part name="WP_VERTSCROLL" id="27">
      <State name="VSS_NORMAL" id="1" />
      <State name="VSS_HOT" id="2" />
      <State name="VSS_PUSHED" id="3" />
      <State name="VSS_DISABLED" id="4" />
    </Part>
    <Part name="WP_VERTTHUMB" id="28">
      <State name="VTS_NORMAL" id="1" />
      <State name="VTS_HOT" id="2" />
      <State name="VTS_PUSHED" id="3" />
      <State name="VTS_DISABLED" id="4" />
    </Part>
    <Part name="WP_DIALOG" id="29">
      <State name="FS_ACTIVE" id="1" />
      <State name="FS_INACTIVE" id="2" />
    </Part>
    <Part name="WP_CAPTIONSIZINGTEMPLATE" id="30">
      <State name="CS_ACTIVE" id="1" />
      <State name="CS_INACTIVE" id="2" />
      <State name="CS_DISABLED" id="3" />
    </Part>
    <Part name="WP_SMALLCAPTIONSIZINGTEMPLATE" id="31">
      <State name="CS_ACTIVE" id="1" />
      <State name="CS_INACTIVE" id="2" />
      <State name="CS_DISABLED" id="3" />
    </Part>
    <Part name="WP_FRAMELEFTSIZINGTEMPLATE" id="32">
      <State name="FS_ACTIVE" id="1" />
      <State name="FS_INACTIVE" id="2" />
    </Part>
    <Part name="WP_SMALLFRAMELEFTSIZINGTEMPLATE" id="33">
      <State name="FS_ACTIVE" id="1" />
      <State name="FS_INACTIVE" id="2" />
    </Part>
    <Part name="WP_FRAMERIGHTSIZINGTEMPLATE" id="34">
      <State name="FS_ACTIVE" id="1" />
      <State name="FS_INACTIVE" id="2" />
    </Part>
    <Part name="WP_SMALLFRAMERIGHTSIZINGTEMPLATE" id="35">
      <State name="FS_ACTIVE" id="1" />
      <State name="FS_INACTIVE" id="2" />
    </Part>
    <Part name="WP_FRAMEBOTTOMSIZINGTEMPLATE" id="36">
      <State name="FS_ACTIVE" id="1" />
      <State name="FS_INACTIVE" id="2" />
    </Part>
    <Part name="WP_SMALLFRAMEBOTTOMSIZINGTEMPLATE" id="37">
      <State name="FS_ACTIVE" id="1" />
      <State name="FS_INACTIVE" id="2" />
    </Part>
  </Class>
  <Class name="Button">
    <Part name="BP_PUSHBUTTON" id="1">
      <State name="PBS_NORMAL" id="1" />
      <State name="PBS_HOT" id="2" />
      <State name="PBS_PRESSED" id="3" />
      <State name="PBS_DISABLED" id="4" />
      <State name="PBS_DEFAULTED" id="5" />
    </Part>
    <Part name="BP_RADIOBUTTON" id="2">
      <State name="RBS_UNCHECKEDNORMAL" id="1" />
      <State name="RBS_UNCHECKEDHOT" id="2" />
      <State name="RBS_UNCHECKEDPRESSED" id="3" />
      <State name="RBS_UNCHECKEDDISABLED" id="4" />
      <State name="RBS_CHECKEDNORMAL" id="5" />
      <State name="RBS_CHECKEDHOT" id="6" />
      <State name="RBS_CHECKEDPRESSED" id="7" />
      <State name="RBS_CHECKEDDISABLED" id="8" />
    </Part>
    <Part name="BP_CHECKBOX" id="3">
      <State name="CBS_UNCHECKEDNORMAL" id="1" />
      <State name="CBS_UNCHECKEDHOT" id="2" />
      <State name="CBS_UNCHECKEDPRESSED" id="3" />
      <State name="CBS_UNCHECKEDDISABLED" id="4" />
      <State name="CBS_CHECKEDNORMAL" id="5" />
      <State name="CBS_CHECKEDHOT" id="6" />
      <State name="CBS_CHECKEDPRESSED" id="7" />
      <State name="CBS_CHECKEDDISABLED" id="8" />
      <State name="CBS_MIXEDNORMAL" id="9" />
      <State name="CBS_MIXEDHOT" id="10" />
      <State name="CBS_MIXEDPRESSED" id="11" />
      <State name="CBS_MIXEDDISABLED" id="12" />
    </Part>
    <Part name="BP_GROUPBOX" id="4">
      <State name="GBS_NORMAL" id="1" />
      <State name="GBS_DISABLED" id="2" />
    </Part>
    <Part name="BP_USERBUTTON" id="5">
      <State name="DEF_NORMAL" id="1" />
    </Part>

  </Class>
  <Class name="Rebar">
    <Part name="RP_GRIPPER" id = "1">
      <State name="DEF_NORMAL" id="1" />
    </Part>
    <Part name="RP_GRIPPERVERT" id = "2">
      <State name="DEF_NORMAL" id="1" />
    </Part>
    <Part name="RP_BAND" id = "3">
      <State name="DEF_NORMAL" id="1" />
    </Part>
    <Part name="RP_CHEVRON" id = "4">
      <State name="CHEVS_NORMAL" id="1" />
      <State name="CHEVS_HOT" id="2" />
      <State name="CHEVS_PRESSED" id="3" />
    </Part>
    <Part name="RP_CHEVRONVERT" id = "5">
      <State name="CHEVS_NORMAL" id="1" />
      <State name="CHEVS_HOT" id="2" />
      <State name="CHEVS_PRESSED" id="3" />
    </Part>
  </Class>
  <Class name="Toolbar">
    <Part name="TP_BUTTON" id = "1">
      <State name="TS_NORMAL" id="1" />
      <State name="TS_HOT" id="2" />
      <State name="TS_PRESSED" id="3" />
      <State name="TS_DISABLED" id="4" />
      <State name="TS_CHECKED" id="5" />
      <State name="TS_HOTCHECKED" id="6" />
    </Part>
    <Part name="TP_DROPDOWNBUTTON" id = "2">
      <State name="TS_NORMAL" id="1" />
      <State name="TS_HOT" id="2" />
      <State name="TS_PRESSED" id="3" />
      <State name="TS_DISABLED" id="4" />
      <State name="TS_CHECKED" id="5" />
      <State name="TS_HOTCHECKED" id="6" />
    </Part>
    <Part name="TP_SPLITBUTTON" id = "3">
      <State name="TS_NORMAL" id="1" />
      <State name="TS_HOT" id="2" />
      <State name="TS_PRESSED" id="3" />
      <State name="TS_DISABLED" id="4" />
      <State name="TS_CHECKED" id="5" />
      <State name="TS_HOTCHECKED" id="6" />
    </Part>
    <Part name="TP_SPLITBUTTONDROPDOWN" id = "4">
      <State name="TS_NORMAL" id="1" />
      <State name="TS_HOT" id="2" />
      <State name="TS_PRESSED" id="3" />
      <State name="TS_DISABLED" id="4" />
      <State name="TS_CHECKED" id="5" />
      <State name="TS_HOTCHECKED" id="6" />
    </Part>
    <Part name="TP_SEPARATOR" id = "5">
      <State name="TS_NORMAL" id="1" />
    </Part>
    <Part name="TP_SEPARATORVERT" id = "6">
      <State name="TS_NORMAL" id="1" />
    </Part>

  </Class>
  <Class name="Status">
    <Part name="SP_PANE" id = "1">
      <State name="DEF_NORMAL" id="1" />
    </Part>
    <Part name="SP_GRIPPERPANE" id = "2">
      <State name="DEF_NORMAL" id="1" />
    </Part>
    <Part name="SP_GRIPPER" id = "3">
      <State name="DEF_NORMAL" id="1" />
    </Part>
  </Class>
  <!--
  <Class name="Menu">
    <Part name="MP_MENUITEM" id = "1">
      <State name="MS_NORMAL" id="1" />
      <State name="MS_SELECTED" id="2" />
      <State name="MS_DEMOTED" id="3" />
    </Part>
    <Part name="MP_MENUDROPDOWN" id = "2">
      <State name="MS_NORMAL" id="1" />
      <State name="MS_SELECTED" id="2" />
      <State name="MS_DEMOTED" id="3" />
    </Part>
    <Part name="MP_MENUBARITEM" id = "3">
      <State name="MS_NORMAL" id="1" />
      <State name="MS_SELECTED" id="2" />
      <State name="MS_DEMOTED" id="3" />
    </Part>
    <Part name="MP_MENUBARDROPDOWN" id = "4">
      <State name="MS_NORMAL" id="1" />
      <State name="MS_SELECTED" id="2" />
      <State name="MS_DEMOTED" id="3" />
    </Part>
    <Part name="MP_CHEVRON" id = "5">
      <State name="MS_NORMAL" id="1" />
      <State name="MS_SELECTED" id="2" />
      <State name="MS_DEMOTED" id="3" />
    </Part>
    <Part name="MP_SEPARATOR" id = "6">
      <State name="MS_NORMAL" id="1" />
    </Part>
  </Class>
  <Class name="ListView">
    <Part name="LVP_LISTITEM" id = "1">
      <State name="LIS_NORMAL" id="1" />
      <State name="LIS_HOT" id="2" />
      <State name="LIS_SELECTED" id="3" />
      <State name="LIS_DISABLED" id="4" />
      <State name="LIS_SELECTEDNOTFOCUS" id="5" />
    </Part>
    <Part name="LVP_LISTGROUP" id = "2">
      <State name="LIS_NORMAL" id="1" />
      <State name="LIS_HOT" id="2" />
      <State name="LIS_SELECTED" id="3" />
      <State name="LIS_DISABLED" id="4" />
      <State name="LIS_SELECTEDNOTFOCUS" id="5" />
    </Part>
    <Part name="LVP_LISTDETAIL" id = "3">
      <State name="LIS_NORMAL" id="1" />
      <State name="LIS_HOT" id="2" />
      <State name="LIS_SELECTED" id="3" />
      <State name="LIS_DISABLED" id="4" />
      <State name="LIS_SELECTEDNOTFOCUS" id="5" />
    </Part>
    <Part name="LVP_LISTSORTEDDETAIL" id = "4">
      <State name="LIS_NORMAL" id="1" />
      <State name="LIS_HOT" id="2" />
      <State name="LIS_SELECTED" id="3" />
      <State name="LIS_DISABLED" id="4" />
      <State name="LIS_SELECTEDNOTFOCUS" id="5" />
    </Part>
    <Part name="LVP_EMPTYTEXT" id = "5">
      <State name="LIS_NORMAL" id="1" />
      <State name="LIS_HOT" id="2" />
      <State name="LIS_SELECTED" id="3" />
      <State name="LIS_DISABLED" id="4" />
      <State name="LIS_SELECTEDNOTFOCUS" id="5" />
    </Part>
  </Class>
  -->
  <Class name="Header">
    <Part name="HP_HEADERITEM" id = "1">
      <State name="HIS_NORMAL" id="1" />
      <State name="HIS_HOT" id="2" />
      <State name="HIS_PRESSED" id="3" />
    </Part>
    <Part name="HP_HEADERITEMLEFT" id = "2">
      <State name="HILS_NORMAL" id="1" />
      <State name="HILS_HOT" id="2" />
      <State name="HILS_PRESSED" id="3" />
    </Part>
    <Part name="HP_HEADERITEMRIGHT" id = "3">
      <State name="HIRS_NORMAL" id="1" />
      <State name="HIRS_HOT" id="2" />
      <State name="HIRS_PRESSED" id="3" />
    </Part>
    <Part name="HP_HEADERSORTARROW" id = "4">
      <State name="HSAS_SORTEDUP" id="1" />
      <State name="HSAS_SORTEDDOWN" id="2" />
    </Part>

  </Class>
  <Class name="Progress">
    <Part name="PP_BAR" id = "1">
      <State name="DEF_NORMAL" id="1" />
    </Part>
    <Part name="PP_BARVERT" id = "2">
      <State name="DEF_NORMAL" id="1" />
    </Part>
    <Part name="PP_CHUNK" id = "3">
      <State name="DEF_NORMAL" id="1" />
    </Part>
    <Part name="PP_CHUNKVERT" id = "4">
      <State name="DEF_NORMAL" id="1" />
    </Part>
  </Class>
  <Class name="Tab">
    <Part name="TABP_TABITEM" id = "1">
      <State name="TIS_NORMAL" id="1" />
      <State name="TIS_HOT" id="2" />
      <State name="TIS_SELECTED" id="3" />
      <State name="TIS_DISABLED" id="4" />
      <State name="TIS_FOCUSED" id="5" />
    </Part>
    <Part name="TABP_TABITEMLEFTEDGE" id = "2">
      <State name="TILES_NORMAL" id="1" />
      <State name="TILES_HOT" id="2" />
      <State name="TILES_SELECTED" id="3" />
      <State name="TILES_DISABLED" id="4" />
      <State name="TILES_FOCUSED" id="5" />
    </Part>
    <Part name="TABP_TABITEMRIGHTEDGE" id = "3">
      <State name="TIRES_NORMAL" id="1" />
      <State name="TIRES_HOT" id="2" />
      <State name="TIRES_SELECTED" id="3" />
      <State name="TIRES_DISABLED" id="4" />
      <State name="TIRES_FOCUSED" id="5" />
    </Part>
    <Part name="TABP_TABITEMBOTHEDGE" id = "4">
      <State name="TIBES_NORMAL" id="1" />
      <State name="TIBES_HOT" id="2" />
      <State name="TIBES_SELECTED" id="3" />
      <State name="TIBES_DISABLED" id="4" />
      <State name="TIBES_FOCUSED" id="5" />
    </Part>
    <Part name="TABP_TOPTABITEM" id = "5">
      <State name="TTIS_NORMAL" id="1" />
      <State name="TTIS_HOT" id="2" />
      <State name="TTIS_SELECTED" id="3" />
      <State name="TTIS_DISABLED" id="4" />
      <State name="TTIS_FOCUSED" id="5" />
    </Part>
    <Part name="TABP_TOPTABITEMLEFTEDGE" id = "6">
      <State name="TTILES_NORMAL" id="1" />
      <State name="TTILES_HOT" id="2" />
      <State name="TTILES_SELECTED" id="3" />
      <State name="TTILES_DISABLED" id="4" />
      <State name="TTILES_FOCUSED" id="5" />
    </Part>
    <Part name="TABP_TOPTABITEMRIGHTEDGE" id = "7">
      <State name="TTIRES_NORMAL" id="1" />
      <State name="TTIRES_HOT" id="2" />
      <State name="TTIRES_SELECTED" id="3" />
      <State name="TTIRES_DISABLED" id="4" />
      <State name="TTIRES_FOCUSED" id="5" />
    </Part>
    <Part name="TABP_TOPTABITEMBOTHEDGE" id = "8">
      <State name="TTIBES_NORMAL" id="1" />
      <State name="TTIBES_HOT" id="2" />
      <State name="TTIBES_SELECTED" id="3" />
      <State name="TTIBES_DISABLED" id="4" />
      <State name="TTIBES_FOCUSED" id="5" />
    </Part>
    <Part name="TABP_PANE" id = "9">
      <State name="DEF_NORMAL" id="1" />
    </Part>
    <Part name="TABP_BODY" id = "10">
      <State name="DEF_NORMAL" id="1" />
    </Part>
  </Class>
  <Class name="Trackbar">
    <Part name="TKP_TRACK" id = "1">
      <State name="TKS_NORMAL" id="1" />
    </Part>
    <Part name="TKP_TRACKVERT" id = "2">
      <State name="TRVS_NORMAL" id="1" />
    </Part>
    <Part name="TKP_THUMB" id = "3">
      <State name="TUS_NORMAL" id="1" />
      <State name="TUS_HOT" id="2" />
      <State name="TUS_PRESSED" id="3" />
      <State name="TUS_FOCUSED" id="4" />
      <State name="TUS_DISABLED" id="5" />
    </Part>
    <Part name="TKP_THUMBBOTTOM" id = "4">
      <State name="TUBS_NORMAL" id="1" />
      <State name="TUBS_HOT" id="2" />
      <State name="TUBS_PRESSED" id="3" />
      <State name="TUBS_FOCUSED" id="4" />
      <State name="TUBS_DISABLED" id="5" />
    </Part>
    <Part name="TKP_THUMBTOP" id = "5">
      <State name="TUTS_NORMAL" id="1" />
      <State name="TUTS_HOT" id="2" />
      <State name="TUTS_PRESSED" id="3" />
      <State name="TUTS_FOCUSED" id="4" />
      <State name="TUTS_DISABLED" id="5" />
    </Part>
    <Part name="TKP_THUMBVERT" id = "6">
      <State name="TUVS_NORMAL" id="1" />
      <State name="TUVS_HOT" id="2" />
      <State name="TUVS_PRESSED" id="3" />
      <State name="TUVS_FOCUSED" id="4" />
      <State name="TUVS_DISABLED" id="5" />
    </Part>
    <Part name="TKP_THUMBLEFT" id = "7">
      <State name="TUVLS_NORMAL" id="1" />
      <State name="TUVLS_HOT" id="2" />
      <State name="TUVLS_PRESSED" id="3" />
      <State name="TUVLS_FOCUSED" id="4" />
      <State name="TUVLS_DISABLED" id="5" />
    </Part>
    <Part name="TKP_THUMBRIGHT" id = "8">
      <State name="TUVRS_NORMAL" id="1" />
      <State name="TUVRS_HOT" id="2" />
      <State name="TUVRS_PRESSED" id="3" />
      <State name="TUVRS_FOCUSED" id="4" />
      <State name="TUVRS_DISABLED" id="5" />
    </Part>
    <Part name="TKP_TICS" id = "9">
      <State name="TSS_NORMAL" id="1" />
    </Part>
    <Part name="TKP_TICSVERT" id = "10">
      <State name="TSVS_NORMAL" id="1" />
    </Part>
  </Class>
  <Class name="Tooltip">
    <Part name="TTP_STANDARD" id = "1">
      <State name="TTSS_NORMAL" id="1" />
      <State name="TTSS_LINK" id="2" />
    </Part>
    <Part name="TTP_STANDARDTITLE" id = "2">
      <State name="TTSS_NORMAL" id="1" />
      <State name="TTSS_LINK" id="2" />
    </Part>
    <Part name="TTP_BALLOON" id = "3">
      <State name="TTBS_NORMAL" id="1" />
      <State name="TTBS_LINK" id="2" />
    </Part>
    <Part name="TTP_BALLOONTITLE" id = "4">
      <State name="DEF_NORMAL" id="1" />
    </Part>
    <Part name="TTP_CLOSE" id = "5">
      <State name="TTCS_NORMAL" id="1" />
      <State name="TTCS_HOT" id="2" />
      <State name="TTCS_PRESSED" id="3" />
    </Part>

  </Class>
  <Class name="Treeview">
    <Part name="TVP_TREEITEM" id = "1">
      <State name="TREIS_NORMAL" id="1" />
      <State name="TREIS_HOT" id="2" />
      <State name="TREIS_SELECTED" id="3" />
      <State name="TREIS_DISABLED" id="4" />
      <State name="TREIS_SELECTEDNOTFOCUS" id="5" />
    </Part>
    <Part name="TVP_GLYPH" id = "2">
      <State name="GLPS_CLOSED" id="1" />
      <State name="GLPS_OPENED" id="2" />
    </Part>
    <Part name="TVP_BRANCH" id = "3">
      <State name="DEF_NORMAL" id="1" />
    </Part>
  </Class>
  <Class name="Spin">
    <Part name="SPNP_UP" id = "1">
      <State name="UPS_NORMAL" id="1" />
      <State name="UPS_HOT" id="2" />
      <State name="UPS_PRESSED" id="3" />
      <State name="UPS_DISABLED" id="4" />
    </Part>
    <Part name="SPNP_DOWN" id = "2">
      <State name="DNS_NORMAL" id="1" />
      <State name="DNS_HOT" id="2" />
      <State name="DNS_PRESSED" id="3" />
      <State name="DNS_DISABLED" id="4" />
    </Part>
    <Part name="SPNP_UPHORZ" id = "3">
      <State name="UPHZS_NORMAL" id="1" />
      <State name="UPHZS_HOT" id="2" />
      <State name="UPHZS_PRESSED" id="3" />
      <State name="UPHZS_DISABLED" id="4" />
    </Part>
    <Part name="SPNP_DOWNHORZ" id = "4">
      <State name="DNHZS_NORMAL" id="1" />
      <State name="DNHZS_HOT" id="2" />
      <State name="DNHZS_PRESSED" id="3" />
      <State name="DNHZS_DISABLED" id="4" />
    </Part>
  </Class>
  <!--
  <Class name="Page">
    <Part name="PGRP_UP" id = "1">
      <State name="UPS_NORMAL" id="1" />
      <State name="UPS_HOT" id="2" />
      <State name="UPS_PRESSED" id="3" />
      <State name="UPS_DISABLED" id="4" />
    </Part>
    <Part name="PGRP_DOWN" id = "2">
      <State name="DNS_NORMAL" id="1" />
      <State name="DNS_HOT" id="2" />
      <State name="DNS_PRESSED" id="3" />
      <State name="DNS_DISABLED" id="4" />
    </Part>
    <Part name="PGRP_UPHORZ" id = "3">
      <State name="UPHZS_NORMAL" id="1" />
      <State name="UPHZS_HOT" id="2" />
      <State name="UPHZS_PRESSED" id="3" />
      <State name="UPHZS_DISABLED" id="4" />
    </Part>
    <Part name="PGRP_DOWNHORZ" id = "4">
      <State name="DNHZS_NORMAL" id="1" />
      <State name="DNHZS_HOT" id="2" />
      <State name="DNHZS_PRESSED" id="3" />
      <State name="DNHZS_DISABLED" id="4" />
    </Part>
  </Class>
  -->
  <Class name="Scrollbar">
    <Part name="SBP_ARROWBTN" id = "1">
      <State name="ABS_UPNORMAL" id="1" />
      <State name="ABS_UPHOT" id="2" />
      <State name="ABS_UPPRESSED" id="3" />
      <State name="ABS_UPDISABLED" id="4" />
      <State name="ABS_DOWNNORMAL" id="5" />
      <State name="ABS_DOWNHOT" id="6" />
      <State name="ABS_DOWNPRESSED" id="7" />
      <State name="ABS_DOWNDISABLED" id="8" />
      <State name="ABS_LEFTNORMAL" id="9" />
      <State name="ABS_LEFTHOT" id="10" />
      <State name="ABS_LEFTPRESSED" id="11" />
      <State name="ABS_LEFTDISABLED" id="12" />
      <State name="ABS_RIGHTNORMAL" id="13" />
      <State name="ABS_RIGHTHOT" id="14" />
      <State name="ABS_RIGHTPRESSED" id="15" />
      <State name="ABS_RIGHTDISABLED" id="16" />
    </Part>
    <Part name="SBP_THUMBBTNHORZ" id = "2">
      <State name="SCRBS_NORMAL" id="1" />
      <State name="SCRBS_HOT" id="2" />
      <State name="SCRBS_PRESSED" id="3" />
      <State name="SCRBS_DISABLED" id="4" />
    </Part>
    <Part name="SBP_THUMBBTNVERT" id = "3">
      <State name="SCRBS_NORMAL" id="1" />
      <State name="SCRBS_HOT" id="2" />
      <State name="SCRBS_PRESSED" id="3" />
      <State name="SCRBS_DISABLED" id="4" />
    </Part>
    <Part name="SBP_LOWERTRACKHORZ" id = "4">
      <State name="SCRBS_NORMAL" id="1" />
      <State name="SCRBS_HOT" id="2" />
      <State name="SCRBS_PRESSED" id="3" />
      <State name="SCRBS_DISABLED" id="4" />
    </Part>
    <Part name="SBP_UPPERTRACKHORZ" id = "5">
      <State name="SCRBS_NORMAL" id="1" />
      <State name="SCRBS_HOT" id="2" />
      <State name="SCRBS_PRESSED" id="3" />
      <State name="SCRBS_DISABLED" id="4" />
    </Part>
    <Part name="SBP_LOWERTRACKVERT" id = "6">
      <State name="SCRBS_NORMAL" id="1" />
      <State name="SCRBS_HOT" id="2" />
      <State name="SCRBS_PRESSED" id="3" />
      <State name="SCRBS_DISABLED" id="4" />
    </Part>
    <Part name="SBP_UPPERTRACKVERT" id = "7">
      <State name="SCRBS_NORMAL" id="1" />
      <State name="SCRBS_HOT" id="2" />
      <State name="SCRBS_PRESSED" id="3" />
      <State name="SCRBS_DISABLED" id="4" />
    </Part>
    <Part name="SBP_GRIPPERHORZ" id = "8">
      <State name="SCRBS_NORMAL" id="1" />
      <State name="SCRBS_HOT" id="2" />
      <State name="SCRBS_PRESSED" id="3" />
      <State name="SCRBS_DISABLED" id="4" />
    </Part>
    <Part name="SBP_GRIPPERVERT" id = "9">
      <State name="SCRBS_NORMAL" id="1" />
      <State name="SCRBS_HOT" id="2" />
      <State name="SCRBS_PRESSED" id="3" />
      <State name="SCRBS_DISABLED" id="4" />
    </Part>
    <Part name="SBP_SIZEBOX" id = "10">
      <State name="SZB_RIGHTALIGN" id="1" />
      <State name="SZB_LEFTALIGN" id="2" />
    </Part>
  </Class>
  <!--
  <Class name="Edit">
    <Part name="EP_EDITTEXT" id = "1">
      <State name="ETS_NORMAL" id="1" />
      <State name="ETS_HOT" id="2" />
      <State name="ETS_SELECTED" id="3" />
      <State name="ETS_DISABLED" id="4" />
      <State name="ETS_FOCUSED" id="5" />
      <State name="ETS_READONLY" id="6" />
      <State name="ETS_ASSIST" id="7" />
    </Part>
    <Part name="EP_CARET" id = "2">
      <State name="DEF_NORMAL" id="1" />
    </Part>
  </Class>
  -->
  <Class name="ComboBox">
    <Part name="CP_DROPDOWNBUTTON" id = "1">
      <State name="CBXS_NORMAL" id="1" />
      <State name="CBXS_HOT" id="2" />
      <State name="CBXS_PRESSED" id="3" />
      <State name="CBXS_DISABLED" id="4" />
    </Part>
  </Class>
  <!--
  <Class name="Clock">
    <Part name="CLP_TIME" id = "1">
      <State name="CLS_NORMAL" id="1" />
    </Part>
  </Class>
  <Class name="TrayNotify">
    <Part name="TNP_BACKGROUND" id = "1">
      <State name="DEF_NORMAL" id="1" />
    </Part>
    <Part name="TNP_ANIMBACKGROUND" id = "2">
      <State name="DEF_NORMAL" id="1" />
    </Part>
  </Class>
  -->
  <Class name="TaskBar">
    <Part name="TBP_BACKGROUNDBOTTOM" id = "1">
      <State name="DEF_NORMAL" id="1" />
    </Part>
    <Part name="TBP_BACKGROUNDRIGHT" id = "2">
      <State name="DEF_NORMAL" id="1" />
    </Part>
    <Part name="TBP_BACKGROUNDTOP" id = "3">
      <State name="DEF_NORMAL" id="1" />
    </Part>
    <Part name="TBP_BACKGROUNDLEFT" id = "4">
      <State name="DEF_NORMAL" id="1" />
    </Part>
    <Part name="TBP_SIZINGBARBOTTOM" id = "5">
      <State name="DEF_NORMAL" id="1" />
    </Part>
    <Part name="TBP_SIZINGBARRIGHT" id = "6">
      <State name="DEF_NORMAL" id="1" />
    </Part>
    <Part name="TBP_SIZINGBARTOP" id = "7">
      <State name="DEF_NORMAL" id="1" />
    </Part>
    <Part name="TBP_SIZINGBARLEFT" id = "8">
      <State name="DEF_NORMAL" id="1" />
    </Part>
  </Class>
  <Class name="TaskBand">
    <Part name="TDP_GROUPCOUNT" id = "1">
      <State name="DEF_NORMAL" id="1" />
    </Part>
    <Part name="TDP_FLASHBUTTON" id = "2">
      <State name="DEF_NORMAL" id="1" />
    </Part>
    <Part name="TDP_FLASHBUTTONGROUPMENU" id = "3">
      <State name="DEF_NORMAL" id="1" />
    </Part>
  </Class>
  <Class name="StartPanel">
    <Part name="SPP_USERPANE" id = "1">
      <State name="DEF_NORMAL" id="1" />
    </Part>
    <Part name="SPP_MOREPROGRAMS" id = "2">
      <State name="DEF_NORMAL" id="1" />
    </Part>
    <Part name="SPP_MOREPROGRAMSARROW" id = "3">
      <State name="SPS_NORMAL" id="1" />
      <State name="SPS_HOT" id="2" />
      <State name="SPS_PRESSED" id="3" />
    </Part>
    <Part name="SPP_PROGLIST" id = "4">
      <State name="DEF_NORMAL" id="1" />
    </Part>
    <Part name="SPP_PROGLISTSEPARATOR" id = "5">
      <State name="DEF_NORMAL" id="1" />
    </Part>
    <Part name="SPP_PLACESLIST" id = "6">
      <State name="DEF_NORMAL" id="1" />
    </Part>
    <Part name="SPP_PLACESLISTSEPARATOR" id = "7">
      <State name="DEF_NORMAL" id="1" />
    </Part>
    <Part name="SPP_LOGOFF" id = "8">
      <State name="DEF_NORMAL" id="1" />
    </Part>
    <Part name="SPP_LOGOFFBUTTONS" id = "9">
      <State name="SPLS_NORMAL" id="1" />
      <State name="SPLS_HOT" id="2" />
      <State name="SPLS_PRESSED" id="3" />
    </Part>
    <Part name="SPP_USERPICTURE" id = "10">
      <State name="DEF_NORMAL" id="1" />
    </Part>
    <Part name="SPP_PREVIEW" id = "11">
      <State name="DEF_NORMAL" id="1" />
    </Part>
  </Class>
  <Class name="ExplorerBar">
    <Part name="EBP_HEADERBACKGROUND" id = "1">
      <State name="DEF_NORMAL" id="1" />
    </Part>
    <Part name="EBP_HEADERCLOSE" id = "2">
      <State name="EBHC_NORMAL" id="1" />
      <State name="EBHC_HOT" id="2" />
      <State name="EBHC_PRESSED" id="3" />
    </Part>
    <Part name="EBP_HEADERPIN" id = "3">
      <State name="EBHP_NORMAL" id="1" />
      <State name="EBHP_HOT" id="2" />
      <State name="EBHP_PRESSED" id="3" />
      <State name="EBHP_SELECTEDNORMAL" id="4" />
      <State name="EBHP_SELECTEDHOT" id="5" />
      <State name="EBHP_SELECTEDPRESSED" id="6" />
    </Part>
    <Part name="EBP_IEBARMENU" id = "4">
      <State name="EBM_NORMAL" id="1" />
      <State name="EBM_HOT" id="2" />
      <State name="EBM_PRESSED" id="3" />
    </Part>
    <Part name="EBP_NORMALGROUPBACKGROUND" id = "5">
      <State name="DEF_NORMAL" id="1" />
    </Part>
    <Part name="EBP_NORMALGROUPCOLLAPSE" id = "6">
      <State name="EBNGC_NORMAL" id="1" />
      <State name="EBNGC_HOT" id="2" />
      <State name="EBNGC_PRESSED" id="3" />
    </Part>
    <Part name="EBP_NORMALGROUPEXPAND" id = "7">
      <State name="EBNGE_NORMAL" id="1" />
      <State name="EBNGE_HOT" id="2" />
      <State name="EBNGE_PRESSED" id="3" />
    </Part>
    <Part name="EBP_NORMALGROUPHEAD" id = "8">
      <State name="DEF_NORMAL" id="1" />
    </Part>
    <Part name="EBP_SPECIALGROUPBACKGROUND" id = "9">
      <State name="DEF_NORMAL" id="1" />
    </Part>
    <Part name="EBP_SPECIALGROUPCOLLAPSE" id = "10">
      <State name="EBSGC_NORMAL" id="1" />
      <State name="EBSGC_HOT" id="2" />
      <State name="EBSGC_PRESSED" id="3" />
    </Part>
    <Part name="EBP_SPECIALGROUPEXPAND" id = "11">
      <State name="EBSGE_NORMAL" id="1" />
      <State name="EBSGE_HOT" id="2" />
      <State name="EBSGE_PRESSED" id="3" />
    </Part>
    <Part name="EBP_SPECIALGROUPHEAD" id = "12">
      <State name="DEF_NORMAL" id="1" />
    </Part>
  </Class>
  <!--
  <Class name="MenuBand">
    <Part name="MDP_NEWAPPBUTTON" id="1">
      <State name="MDS_NORMAL" id="1" />
      <State name="MDS_HOT" id="2" />
      <State name="MDS_PRESSED" id="3" />
      <State name="MDS_DISABLED" id="4" />
      <State name="MDS_CHECKED" id="5" />
      <State name="MDS_HOTCHECKED" id="6" />
    </Part>
    <Part name="MDP_SEPERATOR" id="1">
      <State name="MDS_NORMAL" id="1" />
      <State name="MDS_HOT" id="2" />
      <State name="MDS_PRESSED" id="3" />
      <State name="MDS_DISABLED" id="4" />
      <State name="MDS_CHECKED" id="5" />
      <State name="MDS_HOTCHECKED" id="6" />
    </Part>
  </Class>
  <Class name="GLOBALS">
    <Part name="GP_BORDER" id="1">
      <State name="BSS_FLAT" id="1" />
      <State name="BSS_RAISED" id="2" />
      <State name="BSS_SUNKEN" id="3" />
    </Part>
    <Part name="GP_LINEHORZ" id="2">
      <State name="LHS_FLAT" id="1" />
      <State name="LHS_RAISED" id="2" />
      <State name="LHS_SUNKEN" id="3" />
    </Part>
    <Part name="GP_LINEVERT" id="3">
      <State name="LVS_FLAT" id="1" />
      <State name="LVS_RAISED" id="2" />
      <State name="LVS_SUNKEN" id="3" />
    </Part>
  </Class>
  -->
</ThemeData>
